<?xml version="1.0" encoding="UTF-8"?>
<beans:beans xmlns="http://www.springframework.org/schema/mvc"
	xmlns:xsi="http://www.w3.org/2001/XMLSchema-instance"
	xmlns:beans="http://www.springframework.org/schema/beans"
	xmlns:p="http://www.springframework.org/schema/p"
	xmlns:aop="http://www.springframework.org/schema/aop"
	xmlns:context="http://www.springframework.org/schema/context"
	xmlns:tx="http://www.springframework.org/schema/tx"
	xsi:schemaLocation="http://www.springframework.org/schema/mvc http://www.springframework.org/schema/mvc/spring-mvc.xsd
		http://www.springframework.org/schema/beans http://www.springframework.org/schema/beans/spring-beans.xsd
		http://www.springframework.org/schema/aop http://www.springframework.org/schema/aop/spring-aop-4.0.xsd
		http://www.springframework.org/schema/tx http://www.springframework.org/schema/tx/spring-tx-3.0.xsd
		http://www.springframework.org/schema/context http://www.springframework.org/schema/context/spring-context.xsd">




	<!-- DispatcherServlet Context: defines this servlet's request-processing infrastructure -->
	
	<!-- Enables the Spring MVC @Controller programming model <annotation-driven />-->
	
	<annotation-driven />  

	<!-- Handles HTTP GET requests for /resources/** by efficiently serving up static resources in the ${webappRoot}/resources directory -->	
	<resources mapping="/resources/**" location="/resources/" />

	<!-- Resolves views selected for rendering by @Controllers to .jsp resources in the /WEB-INF/views directory -->
	<beans:bean class="org.springframework.web.servlet.view.InternalResourceViewResolver">
		<beans:property name="prefix" value="/WEB-INF/views/" />
		<beans:property name="suffix" value=".jsp" />
	</beans:bean>
	
		
	<!-- <context:annotation-config/> -->
	<context:component-scan base-package="com.GDP.test" />
	
	

	
    <beans:bean id="ds" class="org.springframework.jdbc.datasource.DriverManagerDataSource">     
        <beans:property name="driverClassName" value="com.mysql.jdbc.Driver"></beans:property>  
        <beans:property name="url" value="jdbc:mysql://localhost:3306/gdpbackenddatabase"></beans:property>  
        <beans:property name="username" value="root"></beans:property>  
        <beans:property name="password" value="root"></beans:property>  
    </beans:bean> 
    
    
    
    <beans:bean id="mysessionFactory"  class="org.springframework.orm.hibernate4.LocalSessionFactoryBean">            
        <beans:property name="dataSource" ref="ds"></beans:property>
        <beans:property name="hibernateProperties">  
            <beans:props>  
                <beans:prop key="hibernate.dialect">org.hibernate.dialect.MySQLDialect</beans:prop>      
            </beans:props>  
        </beans:property>              
     <!-- <beans:property name="mappingResources">  
            <beans:list>  
                <beans:value>user.hbm.xml</beans:value>
                <beans:value>event.hbm.xml</beans:value>  
                <beans:value>paper.hbm.xml</beans:value>  
            </beans:list>  
        </beans:property> -->  
         
        <beans:property name="annotatedClasses">  
            <beans:list>  
                <beans:value>com.GDP.test.model.Paper</beans:value>  
                <beans:value>com.GDP.test.model.User</beans:value>  
                <beans:value>com.GDP.test.model.Event</beans:value> 
                <beans:value>com.GDP.test.model.Chart</beans:value>  
            </beans:list>              
        </beans:property>
    </beans:bean>  

    
    <beans:bean id="hibernateTemplate" class="org.springframework.orm.hibernate4.HibernateTemplate">              
        <beans:property name="sessionFactory" ref="mysessionFactory"></beans:property>          
    </beans:bean>  
    
       
    
<!-- *************************************** USERDAO IMPLEMENTATION ******************************************** -->    
    
    <beans:bean id="userdaoimpl" class="com.GDP.test.dao.impl.UserDAOImpl">                    
        <beans:property name="hibernateTemplate" ref="hibernateTemplate"></beans:property>      
    </beans:bean>
    
    <beans:bean id="userservice" class="com.GDP.test.service.impl.UserServiceImpl">
        <beans:property name="userdaoimpl" ref="userdaoimpl" />
    </beans:bean>
 
<!-- *************************************** USERDAO IMPLEMENTATION ******************************************** -->    
    
   
   
   
<!-- *************************************** EVENTDAO IMPLEMENTATION ******************************************** -->    
   
    <beans:bean id="eventdaoimpl" class="com.GDP.test.dao.impl.EventDAOImpl">                    
        <beans:property name="hibernateTemplate" ref="hibernateTemplate"></beans:property>      
    </beans:bean>
    
    <beans:bean id="eventservice" class="com.GDP.test.service.impl.EventServiceImpl">
        <beans:property name="eventdaoimpl" ref="eventdaoimpl" />
    </beans:bean> 
    
<!-- *************************************** EVENTDAO IMPLEMENTATION ******************************************** -->






<!-- *************************************** PAPERDAO IMPLEMENTATION ******************************************** -->    
   
    <beans:bean id="paperdaoimpl" class="com.GDP.test.dao.impl.PaperDAOImpl">                    
        <beans:property name="hibernateTemplate" ref="hibernateTemplate"></beans:property>      
    </beans:bean>
    
    <beans:bean id="paperservice" class="com.GDP.test.service.impl.PaperServiceImpl">
        <beans:property name="paperdaoimpl" ref="paperdaoimpl" />
    </beans:bean> 
    
    
    
    <beans:bean id="multipartResolver" class="org.springframework.web.multipart.commons.CommonsMultipartResolver">
        <!-- max upload size in bytes -->
        <beans:property name="maxUploadSize" value="20971520" /> <!-- 20MB -->
         
        <!-- max size of file in memory (in bytes) -->
        <beans:property name="maxInMemorySize" value="1048576" /> <!-- 1MB -->
    </beans:bean>
    
<!-- *************************************** PAPERDAO IMPLEMENTATION ******************************************** -->







<!-- *************************************** CHARTDAO IMPLEMENTATION ******************************************** -->    
   
    <beans:bean id="chartdaoimpl" class="com.GDP.test.dao.impl.ChartDAOImpl">                    
        <beans:property name="hibernateTemplate" ref="hibernateTemplate"></beans:property>      
    </beans:bean>
    
    <beans:bean id="chartservice" class="com.GDP.test.service.impl.ChartServiceImpl">
        <beans:property name="chartdaoimpl" ref="chartdaoimpl" />
    </beans:bean> 
    
<!-- *************************************** CHARTDAO IMPLEMENTATION ******************************************** -->




    
    
    <tx:annotation-driven/>
    <beans:bean id="transactionManager" class="org.springframework.orm.hibernate4.HibernateTransactionManager">          
        <beans:property name="sessionFactory" ref="mysessionFactory" /> 
    </beans:bean>     
	
</beans:beans>
